{
  "auc_pr": 0.7179104651050019,
  "roc_auc": 0.7574121437553961,
  "brier": 0.19972811542448943,
  "precision_at_1pct": 0.775,
  "precision_at_5pct": 0.825,
  "prevalence_train": 0.4445,
  "prevalence_test": 0.4895
}