{
  "auc_pr": 0.7147833702639972,
  "roc_auc": 0.7551026252577386,
  "brier": 0.20064670128742856,
  "precision_at_1pct": 0.825,
  "precision_at_5pct": 0.825,
  "prevalence_train": 0.4445,
  "prevalence_test": 0.4895
}