{
  "auc_pr": 0.7171493368200234,
  "roc_auc": 0.7573692498391791,
  "brier": 0.19974507400492444,
  "precision_at_1pct": 0.8,
  "precision_at_5pct": 0.825,
  "prevalence_train": 0.4445,
  "prevalence_test": 0.4895
}