{
  "auc_pr": 0.1238371859130088,
  "roc_auc": 0.6031349034694548,
  "brier": 0.2335675206128534,
  "precision_at_1pct": 0.15,
  "precision_at_5pct": 0.165,
  "prevalence_train": 0.0925625,
  "prevalence_test": 0.0895
}