{
  "auc_pr": 0.7173190926809938,
  "roc_auc": 0.7561190735114185,
  "brier": 0.20041910681721736,
  "precision_at_1pct": 0.8,
  "precision_at_5pct": 0.825,
  "prevalence_train": 0.4445,
  "prevalence_test": 0.4895
}